All device pins and their pinmux options
Pin,Name,Selected Mode,0,1,2,3,4,5,6,7,8,9,10,11,12,13,14,15
1,GPIO28,,GPIO28,SCIA_RX,,EPWM7_A,GPIO28,OUTPUTXBAR5,EQEP1_A,SD2_D3,GPIO28,EQEP2_STROBE,LINA_TX,SPIB_CLK,GPIO28,ERRORSTS,I2CB_SDA,HIC_NOE
2,XRSn,XRSn
3,VDDIO,VDDIO
4,VDD,VDD
5,VSS,VSS
6,GPIO47,,GPIO47,,,LINA_RX,GPIO47,MCAN_RX,,CLB_OUTPUTXBAR2,GPIO47,PMBUSA_SCL,,,GPIO47,SD2_D4,FSITXA_TDM_CLK,HIC_A6
7,GPIO48,,GPIO48,OUTPUTXBAR3,,CANA_TX,GPIO48,,SCIA_TX,SD1_D1,GPIO48,PMBUSA_SDA,,,GPIO48,,,HIC_A7
8,GPIO49,,GPIO49,OUTPUTXBAR4,,CANA_RX,GPIO49,,SCIA_RX,SD1_C1,GPIO49,LINA_RX,,,GPIO49,SD2_D1,FSITXA_D0,HIC_D2
9,GPIO50,,GPIO50,EQEP1_A,,,GPIO50,MCAN_TX,SPIB_SIMO,SD1_D2,GPIO50,I2CB_SDA,,,GPIO50,SD2_D2,FSITXA_D1,HIC_D3
10,GPIO51,,GPIO51,EQEP1_B,,,GPIO51,MCAN_RX,SPIB_SOMI,SD1_C2,GPIO51,I2CB_SCL,,,GPIO51,SD2_D3,FSITXA_CLK,HIC_D6
11,GPIO52,,GPIO52,EQEP1_STROBE,,,GPIO52,CLB_OUTPUTXBAR5,SPIB_CLK,SD1_D3,GPIO52,SYNCOUT,,,GPIO52,SD2_D4,FSIRXA_D0,HIC_NWE
12,GPIO53,,GPIO53,EQEP1_INDEX,,,GPIO53,CLB_OUTPUTXBAR6,SPIB_STE,SD1_C3,GPIO53,ADCSOCAO,CANA_RX,,GPIO53,SD1_C1,FSIRXA_D1,
13,GPIO54,,GPIO54,SPIA_SIMO,,,GPIO54,EQEP2_A,OUTPUTXBAR2,SD1_D4,GPIO54,ADCSOCBO,LINB_TX,,GPIO54,SD1_C2,FSIRXA_CLK,FSITXA_TDM_D1
14,A6,,AIO228,,SD2_C1,,AIO228,,,,AIO228,,,,AIO228,,,HIC_A0
15,B2/C6,,AIO226,,SD2_D4,,AIO226,,,,AIO226,,,,AIO226,,,HIC_A1
16,B3/VDAC,,AIO242,,SD2_D2,,AIO242,,,,AIO242,,,,AIO242,,,HIC_A2
17,A2/B6/C9,,AIO224,,SD2_D3,,AIO224,,,,AIO224,,,,AIO224,,,HIC_A3
18,A3/ C7/B9,,AIO229,,,,AIO229,,,,AIO229,,,,AIO229,,,
19,A14/B14/C4,,AIO239,,SD1_D1,,AIO239,,,,AIO239,,,,AIO239,,,HIC_A5
20,A11/B10/C0,,AIO237,,SD1_D2,,AIO237,,,,AIO237,,,,AIO237,,,HIC_A6
21,C2/B12,,AIO244,,SD1_D3,,AIO244,,,,AIO244,,,,AIO244,,,HIC_A7
22,A1/B7/DACB_OUT,,AIO232,,SD1_D4,,AIO232,,,,AIO232,,,,AIO232,,,HIC_BASESEL0
23,A0/B15/C15/DACA_OUT,,AIO231,,SD1_C1,,AIO231,,,,AIO231,,,,AIO231,,,HIC_BASESEL1
24,VREFHI,VREFHI
25,VREFHI,VREFHI
26,VREFLO,VREFLO
27,VREFLO,VREFLO
28,A12/ C5,,AIO238,,SD2_C3,,AIO238,,,,AIO238,,,,AIO238,,,HIC_NCS
29,C1,,AIO248,,,,AIO248,,,,AIO248,,,,AIO248,,,
30,B11,,AIO251,,,,AIO251,,,,AIO251,,,,AIO251,,,
31,C3/A7,,AIO245,,SD1_C2,,AIO245,,,,AIO245,,,,AIO245,,,HIC_NOE
32,B5,,AIO252,,SD2_C4,,AIO252,,,,AIO252,,,,AIO252,,,
33,VSSA,VSSA
34,VDDA,VDDA
35,A5,,AIO249,,,,AIO249,,,,AIO249,,,,AIO249,,,
36,A4/B8,,AIO225,,SD2_C2,,AIO225,,,,AIO225,,,,AIO225,,,HIC_NWE
37,A8,,AIO240,,SD2_C1,,AIO240,,,,AIO240,,,,AIO240,,,HIC_NBE1
38,A9,,AIO227,,SD1_C3,,AIO227,,,,AIO227,,,,AIO227,,,HIC_NBE0
39,B4/C8,,AIO236,,,,AIO236,,,,AIO236,,,,AIO236,,,
40,A10/B1/C10,,AIO230,,SD1_C4,,AIO230,,,,AIO230,,,,AIO230,,,HIC_BASESEL2
41,B0/C11,,AIO253,,,,AIO253,,,,AIO253,,,,AIO253,,,
42,C14,,AIO247,,,,AIO247,,,,AIO247,,,,AIO247,,,
43,GPIO55,,GPIO55,SPIA_SOMI,,,GPIO55,EQEP2_B,OUTPUTXBAR3,SD1_C4,GPIO55,ERRORSTS,LINB_RX,,GPIO55,SD1_C3,,HIC_A0
44,GPIO60,,GPIO60,,,MCAN_TX,GPIO60,OUTPUTXBAR3,SPIB_SIMO,SD2_D3,GPIO60,,,,GPIO60,SD2_C4,,HIC_A0
45,VSS,VSS
46,VDD,VDD
47,VDDIO,VDDIO
48,B5/ GPIO20,,GPIO20,EQEP1_A,,,GPIO20,,SPIB_SIMO,SD1_D3,GPIO20,MCAN_TX,,,GPIO20,,,
49,B11/ GPIO21,,GPIO21,EQEP1_B,,,GPIO21,,SPIB_SOMI,SD1_C3,GPIO21,MCAN_RX,,,GPIO21,,,
50,GPIO13,,GPIO13,EPWM7_B,,MCAN_TX,GPIO13,EQEP1_INDEX,SCIB_RX,PMBUSA_ALERT,GPIO13,FSIRXA_CLK,LINB_RX,SPIA_SOMI,GPIO13,CANA_TX,HIC_D11,HIC_D5
51,GPIO12,,GPIO12,EPWM7_A,,MCAN_RX,GPIO12,EQEP1_STROBE,SCIB_TX,PMBUSA_CTL,GPIO12,FSIRXA_D0,LINB_TX,SPIA_CLK,GPIO12,CANA_RX,HIC_D13,HIC_INT
52,GPIO11,,GPIO11,EPWM6_B,,OUTPUTXBAR7,GPIO11,EQEP1_B,SCIB_RX,SPIA_STE,GPIO11,FSIRXA_D1,LINB_RX,EQEP2_A,GPIO11,SPIA_SIMO,HIC_D6,HIC_NBE0
53,GPIO33,GPIO33,GPIO33,I2CA_SCL,,SPIB_STE,GPIO33,OUTPUTXBAR4,LINA_RX,SD1_C2,GPIO33,FSIRXA_CLK,CANA_RX,EQEP2_B,GPIO33,ADCSOCAO,SD1_C1,HIC_D0
54,GPIO16,,GPIO16,SPIA_SIMO,,OUTPUTXBAR7,GPIO16,EPWM5_A,SCIA_TX,SD1_D1,GPIO16,EQEP1_STROBE,PMBUSA_SCL,XCLKOUT,GPIO16,EQEP2_B,SPIB_SOMI,HIC_D1
55,GPIO17,,GPIO17,SPIA_SOMI,,OUTPUTXBAR8,GPIO17,EPWM5_B,SCIA_RX,SD1_C1,GPIO17,EQEP1_INDEX,PMBUSA_SDA,CANA_TX,GPIO17,,,HIC_D2
56,GPIO24,,GPIO24,OUTPUTXBAR1,EQEP2_A,,GPIO24,EPWM8_A,SPIB_SIMO,SD2_D1,GPIO24,LINB_TX,PMBUSA_SCL,SCIA_TX,GPIO24,ERRORSTS,,HIC_D3
57,GPIO25,,GPIO25,OUTPUTXBAR2,EQEP2_B,,GPIO25,EQEP1_A,SPIB_SOMI,SD2_C1,GPIO25,FSITXA_D1,PMBUSA_SDA,SCIA_RX,GPIO25,,HIC_BASESEL0,
58,GPIO26,,GPIO26,OUTPUTXBAR3,EQEP2_INDEX,,GPIO26,OUTPUTXBAR3,SPIB_CLK,SD2_D2,GPIO26,FSITXA_D0,PMBUSA_CTL,I2CA_SDA,GPIO26,,HIC_D0,HIC_A1
59,GPIO27,,GPIO27,OUTPUTXBAR4,EQEP2_STROBE,,GPIO27,OUTPUTXBAR4,SPIB_STE,SD2_C2,GPIO27,FSITXA_CLK,PMBUSA_ALERT,I2CA_SCL,GPIO27,,HIC_D1,HIC_A4
60,TCK,TCK
61,GPIO37/TDO,,GPIO37,OUTPUTXBAR2,,I2CA_SCL,GPIO37,SCIA_TX,CANA_TX,LINA_TX,GPIO37,EQEP1_B,PMBUSA_ALERT,,GPIO37,,HIC_NRDY,TDO
62,TMS,TMS
63,GPIO35/TDI,,GPIO35,SCIA_RX,,I2CA_SDA,GPIO35,CANA_RX,PMBUSA_SCL,LINA_RX,GPIO35,EQEP1_A,PMBUSA_CTL,EPWM5_B,GPIO35,SD2_C1,HIC_NWE,TDI
64,GPIO32,,GPIO32,I2CA_SDA,,SPIB_CLK,GPIO32,EPWM8_B,LINA_TX,SD1_D2,GPIO32,FSIRXA_D0,CANA_TX,PMBUSA_SDA,GPIO32,ADCSOCBO,,HIC_INT
65,GPIO56,,GPIO56,SPIA_CLK,CLB_OUTPUTXBAR7,MCAN_TX,GPIO56,EQEP2_STROBE,SCIB_TX,SD2_D1,GPIO56,SPIB_SIMO,I2CA_SDA,EQEP1_A,GPIO56,SD1_C4,FSIRXA_D1,HIC_D6
66,GPIO57,,GPIO57,SPIA_STE,CLB_OUTPUTXBAR8,MCAN_RX,GPIO57,EQEP2_INDEX,SCIB_RX,SD2_C1,GPIO57,SPIB_SOMI,I2CA_SCL,EQEP1_B,GPIO57,,FSIRXA_CLK,HIC_D4
67,GPIO58,,GPIO58,,,,GPIO58,OUTPUTXBAR1,SPIB_CLK,SD2_D2,GPIO58,LINA_TX,CANA_TX,EQEP1_STROBE,GPIO58,SD2_C2,FSIRXA_D0,HIC_NRDY
68,GPIO18/ X2,,GPIO18,SPIA_CLK,SCIB_TX,CANA_RX,GPIO18,EPWM6_A,I2CA_SCL,SD1_D2,GPIO18,EQEP2_A,PMBUSA_CTL,XCLKOUT,GPIO18,LINB_TX,FSITXA_TDM_CLK,HIC_INT
69,GPIO19/ X1,,GPIO19,SPIA_STE,SCIB_RX,CANA_TX,GPIO19,EPWM6_B,I2CA_SDA,SD1_C2,GPIO19,EQEP2_B,PMBUSA_ALERT,CLB_OUTPUTXBAR1,GPIO19,LINB_RX,FSITXA_TDM_D0,HIC_NBE0
70,VDDIO,VDDIO
71,VDD,VDD
72,VSS,VSS
73,VREGENZ,VREGENZ
74,GPIO8,,GPIO8,EPWM5_A,,ADCSOCAO,GPIO8,EQEP1_STROBE,SCIA_TX,SPIA_SIMO,GPIO8,I2CA_SCL,FSITXA_D1,CLB_OUTPUTXBAR5,GPIO8,HIC_A0,FSITXA_TDM_CLK,HIC_D8
75,GPIO4,,GPIO4,EPWM3_A,,MCAN_TX,GPIO4,OUTPUTXBAR3,CANA_TX,SPIB_CLK,GPIO4,EQEP2_STROBE,FSIRXA_CLK,CLB_OUTPUTXBAR6,GPIO4,HIC_BASESEL2,,HIC_NWE
76,GPIO3,,GPIO3,EPWM2_B,OUTPUTXBAR2,,GPIO3,OUTPUTXBAR2,PMBUSA_SCL,SPIA_CLK,GPIO3,SCIA_RX,FSIRXA_D0,I2CB_SCL,GPIO3,HIC_NOE,CANA_RX,HIC_D4
77,GPIO2,,GPIO2,EPWM2_A,EMU1,,GPIO2,OUTPUTXBAR1,PMBUSA_SDA,SPIA_SIMO,GPIO2,SCIA_TX,FSIRXA_D1,I2CB_SDA,GPIO2,HIC_A1,CANA_TX,HIC_D9
78,GPIO1,EPWM1_B,GPIO1,EPWM1_B,EMU0,,GPIO1,,I2CA_SCL,SPIA_SOMI,GPIO1,,MCAN_TX,CLB_OUTPUTXBAR7,GPIO1,HIC_A2,FSITXA_TDM_D1,HIC_D10
79,GPIO0,EPWM1_A,GPIO0,EPWM1_A,,,GPIO0,,I2CA_SDA,SPIA_STE,GPIO0,FSIRXA_CLK,MCAN_RX,CLB_OUTPUTXBAR8,GPIO0,EQEP1_INDEX,HIC_D7,HIC_BASESEL1
80,GPIO40,,GPIO40,SPIB_SIMO,,EMU0,GPIO40,EPWM2_B,PMBUSA_SDA,FSIRXA_D0,GPIO40,SCIB_TX,EQEP1_A,LINB_TX,GPIO40,,HIC_NBE1,HIC_D5
81,GPIO23,,GPIO23,EQEP1_INDEX,,SCIB_RX,GPIO23,,SPIB_STE,SD1_C4,GPIO23,LINA_RX,CLB_OUTPUTXBAR3,LINB_RX,GPIO23,HIC_A3,EPWM4_B,HIC_D11
82,GPIO41,,GPIO41,,,EMU1,GPIO41,EPWM2_A,PMBUSA_SCL,FSIRXA_D1,GPIO41,SCIB_RX,EQEP1_B,LINB_RX,GPIO41,HIC_A4,SPIB_SOMI,HIC_D12
83,GPIO22,,GPIO22,EQEP1_STROBE,,SCIB_TX,GPIO22,,SPIB_CLK,SD1_D4,GPIO22,LINA_TX,CLB_OUTPUTXBAR1,LINB_TX,GPIO22,HIC_A5,EPWM4_A,HIC_D13
84,GPIO7,,GPIO7,EPWM4_B,,OUTPUTXBAR5,GPIO7,EQEP1_B,,SPIB_SIMO,GPIO7,FSITXA_CLK,CLB_OUTPUTXBAR2,,GPIO7,HIC_A6,,HIC_D14
85,GPIO44,,GPIO44,,,OUTPUTXBAR7,GPIO44,EQEP1_A,PMBUSA_SDA,FSITXA_CLK,GPIO44,PMBUSA_CTL,CLB_OUTPUTXBAR3,FSIRXA_D0,GPIO44,HIC_D7,LINB_TX,HIC_D5
86,VSS,VSS
87,VDD,VDD
88,VDDIO,VDDIO
89,GPIO5,,GPIO5,EPWM3_B,,OUTPUTXBAR3,GPIO5,MCAN_RX,CANA_RX,SPIA_STE,GPIO5,FSITXA_D1,CLB_OUTPUTXBAR5,,GPIO5,HIC_A7,HIC_D4,HIC_D15
90,GPIO9,,GPIO9,EPWM5_B,SCIB_TX,OUTPUTXBAR6,GPIO9,EQEP1_INDEX,SCIA_RX,SPIA_CLK,GPIO9,,FSITXA_D0,LINB_RX,GPIO9,HIC_BASESEL0,I2CB_SCL,HIC_NRDY
91,GPIO61,,GPIO61,,,MCAN_RX,GPIO61,OUTPUTXBAR4,SPIB_SOMI,SD2_C3,GPIO61,,,,GPIO61,,CANA_RX,
92,GPIO59,,GPIO59,,,,GPIO59,OUTPUTXBAR2,SPIB_STE,SD2_C2,GPIO59,LINA_RX,CANA_RX,EQEP1_INDEX,GPIO59,SD2_C3,FSITXA_TDM_D1,
93,GPIO10,,GPIO10,EPWM6_A,,ADCSOCBO,GPIO10,EQEP1_A,SCIB_TX,SPIA_SOMI,GPIO10,I2CA_SDA,FSITXA_CLK,LINB_TX,GPIO10,HIC_NWE,FSITXA_TDM_D0,CLB_OUTPUTXBAR4
94,GPIO34,,GPIO34,OUTPUTXBAR1,,,GPIO34,,PMBUSA_SDA,,GPIO34,,,,GPIO34,HIC_NBE1,I2CB_SDA,HIC_D9
95,GPIO15,,GPIO15,EPWM8_B,SCIB_RX,,GPIO15,I2CB_SCL,OUTPUTXBAR4,PMBUSA_SCL,GPIO15,SPIB_STE,EQEP2_B,LINB_RX,GPIO15,EPWM3_B,CLB_OUTPUTXBAR6,HIC_D12
96,GPIO14,,GPIO14,EPWM8_A,SCIB_TX,,GPIO14,I2CB_SDA,OUTPUTXBAR3,PMBUSA_SDA,GPIO14,SPIB_CLK,EQEP2_A,LINB_TX,GPIO14,EPWM3_A,CLB_OUTPUTXBAR7,HIC_D15
97,GPIO6,,GPIO6,EPWM4_A,OUTPUTXBAR4,SYNCOUT,GPIO6,EQEP1_A,,SPIB_SOMI,GPIO6,FSITXA_D0,,FSITXA_D1,GPIO6,HIC_NBE1,CLB_OUTPUTXBAR8,HIC_D14
98,GPIO30,,GPIO30,CANA_RX,,SPIB_SIMO,GPIO30,OUTPUTXBAR7,EQEP1_STROBE,SD2_D4,GPIO30,FSIRXA_CLK,MCAN_RX,EPWM1_A,GPIO30,,HIC_D8,
99,GPIO31,,GPIO31,CANA_TX,,SPIB_SOMI,GPIO31,OUTPUTXBAR8,EQEP1_INDEX,SD2_C4,GPIO31,FSIRXA_D1,MCAN_TX,EPWM1_B,GPIO31,,HIC_D10,
100,GPIO29,,GPIO29,SCIA_TX,,EPWM7_B,GPIO29,OUTPUTXBAR6,EQEP1_B,SD2_C3,GPIO29,EQEP2_INDEX,LINA_RX,SPIB_STE,GPIO29,ERRORSTS,I2CB_SCL,HIC_NCS

